{
  "model_type": "Random Forest",
  "training_date": "2025-03-13 14:36:19",
  "data_source": "C:\\Users\\spenc\\Downloads\\Dev Files\\legacy-monger-backend\\1model_new\\models\\trainingdata\\stock_normalized.parquet",
  "num_features": 46,
  "num_samples": 248251,
  "performance": {
    "test_mse": 0.4053159712898885,
    "test_rmse": 0.636644305157824,
    "test_mae": 0.4991883274255485,
    "test_r2": 0.39112755230907614
  },
  "feature_importance": {
    "quote_conditions": 0.052597830446008326,
    "trade_conditions": 0.06863281315243193,
    "ask_exchange": 0.022682103899263225,
    "bid_exchange": 0.02265409549751406,
    "trade_exchange": 0.016020035031185223,
    "open": 0.0038774558124892583,
    "high": 0.004368706907938769,
    "low": 0.004408133274520962,
    "close": 0.004468720281387758,
    "volume": 0.029514412055377894,
    "vwap": 0.00387761798705309,
    "transactions": 0.02359012394229614,
    "avg_bid_price": 0.004675315248583363,
    "avg_ask_price": 0.004524275933938481,
    "min_bid_price": 0.006251873335186696,
    "max_ask_price": 0.005504048435701563,
    "total_bid_size": 0.02990710222349498,
    "total_ask_size": 0.030399997150022468,
    "quote_count": 0.02866444721334063,
    "avg_trade_price": 0.0038244100306549927,
    "min_trade_price": 0.008301422299338735,
    "max_trade_price": 0.0074266891532626675,
    "total_trade_size": 0.030810310948125877,
    "trade_count": 0.026627234528722926,
    "sma_5": 0.0043908447447937515,
    "sma_9": 0.004556010080823373,
    "sma_12": 0.005032015403243731,
    "sma_20": 0.00751277969347165,
    "sma_50": 0.01189729615340992,
    "sma_100": 0.013608469917492358,
    "sma_200": 0.021672334231572447,
    "ema_9": 0.004107749289623103,
    "ema_12": 0.0043232468853259005,
    "ema_20": 0.005824284147252701,
    "macd_value": 0.05348036480628894,
    "macd_signal": 0.06042566843172121,
    "macd_histogram": 0.043759378827587535,
    "rsi_14": 0.0728982285760642,
    "daily_high": 0.012844420205263713,
    "daily_low": 0.013785953439397865,
    "previous_close": 0.0053702485728196366,
    "tr_current": 0.020115279307237128,
    "tr_high_close": 0.06935031567583472,
    "tr_low_close": 0.07897768583000593,
    "tr_value": 0.021600207658329477,
    "atr_value": 0.020858043334600753
  }
}